name,surname
Jacob,Ellison
Harry,Hughes
Kevin,Marshall
Austin,Black
Justin,Hodges
Austin,Wright
Richard,Hill
Blake,Sharp
Gordon,Walker
Blake,Marshall
Joe,Robertson
Anthony,Hunter
Justin,Mathis
Victor,Hemmings
Christian,Ross
Boris,McDonald
Neil,Cornish
Luke,Gill
Liam,Wright
Cameron,Stewart
Max,Poole
William,Cornish
Thomas,Cameron
Dan,Burgess
Cameron,James
Jake,Kerr
Joe,Murray
Charles,Taylor
Connor,Johnston
Dylan,Knox
Brian,Young
Tim,Allan
Owen,Graham
Edward,Burgess
Stephen,Kelly
Christian,Bond
Sean,Lambert
Christopher,Hill
David,Fisher
Sebastian,Abraham
Lucas,Rampling
Christopher,Murray
Stephen,Jackson
Joshua,Hughes
Ian,Taylor
Jack,Hodges
Trevor,Abraham
Warren,Cameron
Eric,Welch
Jack,May
Owen,Robertson
Oliver,Tucker
Stewart,Young
Peter,Clarkson
Blake,Murray
Jason,North
Joshua,Hill
Jake,Pullman
William,Bailey
Lucas,Baker
Richard,Hart
Ian,Quinn
Stephen,Piper
Piers,Black
Connor,Morrison
Adrian,Ferguson
Jack,Walker
Dominic,Lambert
Luke,Powell
Michael,Glover
Oliver,Carr
Liam,Davidson
Matt,North
Cameron,Jones
Anthony,Kerr
William,Avery
David,Dickens
Dan,Ferguson
David,Arnold
Simon,Alsop
David,Newman
Brandon,Slater
Christopher,Russell
Gordon,Underwood
Phil,Berry
Warren,Hemmings
Isaac,Pullman
Piers,Sanderson
Phil,Allan
Jacob,Hill
Isaac,Lyman
Charles,MacDonald
Julian,Sutherland
Adrian,Marshall
Evan,Stewart
Piers,Bond
Charles,King
Piers,Anderson
Isaac,Gill
Joshua,Kelly
Brandon,Johnston
Oliver,Alsop
Jacob,Graham
Justin,Nolan
Nathan,Stewart
Connor,Cornish
Dominic,Butler
Oliver,Mitchell
Jacob,Randall
Oliver,Fisher
Harry,Butler
Andrew,Lawrence
Phil,King
Adrian,Jones
Dylan,Gill
Eric,Churchill
John,Davidson
Stewart,Walsh
Austin,Powell
James,Smith
Cameron,Murray
Matt,McLean
Victor,Edmunds
Brandon,Lyman
Neil,Fraser
Jack,Bell
Neil,Peters
Christian,Gray
Ryan,Baker
Sebastian,Peters
Boris,Piper
Connor,Forsyth
Luke,Robertson
Leonard,Rutherford
Luke,Wallace
William,Mitchell
William,Paige
Michael,Clark
Peter,Poole
Tim,Hart
Brandon,Russell
Justin,Manning
Peter,Rampling
Boris,Ogden
Frank,MacLeod
Charles,Lewis
Ryan,Taylor
Eric,Morgan
Richard,Edmunds
Harry,Skinner
Nicholas,Arnold
Tim,Jones
Gordon,Murray
Tim,MacDonald
Neil,Gill
Joseph,Reid
Sam,Miller
Dan,Lyman
Dominic,Welch
Jacob,Paige
John,Marshall
Piers,MacDonald
Luke,Cornish
Gavin,Berry
Keith,Terry
Kevin,Hart
Brian,Greene
Richard,Grant
Owen,Mitchell
Phil,Lawrence
Thomas,Lewis
Matt,McGrath
Luke,Morgan
Alexander,MacDonald
David,Bower
Julian,MacDonald
Frank,Hunter
Charles,Oliver
Cameron,Hardacre
Jonathan,McGrath
Steven,King
Julian,Harris
Ryan,Mills
Gavin,Payne
Robert,Randall
Cameron,Brown
Dominic,Nash
Joseph,Henderson
Connor,Lambert
David,Hamilton
Colin,May
Stewart,Rees
Michael,Sutherland
Victor,Langdon
Justin,Marshall
Sebastian,Martin
Joshua,Pullman
Dominic,Avery
Harry,Allan
Matt,Rampling
Keith,Nash
Stewart,Grant
Charles,Harris
Julian,Langdon
Benjamin,Gill
Richard,Reid
Dylan,Ellison
David,Graham
Joshua,Baker
Keith,Rampling
Dylan,Hart
James,Simpson
Sam,Knox
Alan,Russell
Max,Oliver
David,Edmunds
Austin,Nash
Owen,Duncan
Charles,Bower
Owen,Morrison
Stewart,Stewart
Jack,Murray
Joe,Watson
Isaac,Nolan
Alan,Bower
John,Hemmings
Joe,James
Owen,Young
Oliver,Hughes
Luke,Alsop
Victor,Baker
Nathan,Smith
Ian,King
Cameron,Anderson
Alan,Harris
Blake,Kerr
Trevor,Butler
Lucas,Alsop
Leonard,Burgess
Gordon,Langdon
James,Underwood
Dylan,Jackson
Thomas,Chapman
Oliver,Oliver
John,King
Leonard,Sutherland
Benjamin,Metcalfe
Tim,Graham
Peter,Wright
Neil,Sutherland
Joseph,Kelly
Nicholas,Morrison
Joseph,Welch
Victor,Burgess
Jacob,Butler
Carl,Johnston
Benjamin,James
Jason,Black
Isaac,White
James,MacDonald
Jack,Martin
James,Mackenzie
Ryan,Paige
Anthony,Coleman
John,Clarkson
Steven,Underwood
Jack,Scott
Keith,Robertson
Simon,Glover
Warren,Black
Paul,Hughes
Stephen,Churchill
Colin,MacDonald
Keith,Marshall
Michael,Fraser
Tim,Clarkson
Piers,McLean
Paul,Bond
Thomas,Peters
Blake,Cornish
Sean,Terry
Edward,Hamilton
Joseph,Sutherland
Nicholas,Morgan
Eric,Young
Christian,Ball
Evan,Greene
Jonathan,Hemmings
Brandon,Black
Brandon,Underwood
Julian,King
Dan,Hamilton
Sebastian,Kerr
Adam,Rees
Charles,Burgess
Austin,Welch
Boris,Baker
Isaac,Dyer
Leonard,Arnold
Carl,Rampling
Benjamin,Allan
Brandon,Dowd
Victor,Grant
Austin,Baker
Michael,Hunter
Piers,Vance
Harry,Morgan
Tim,Bell
Peter,Paterson
Ian,Graham
Adrian,Clarkson
Kevin,McLean
Peter,Rutherford
Jake,Parsons
Warren,Slater
Joshua,Duncan
Evan,Peake
Jacob,Rees
Matt,Parr
Harry,Harris
Owen,Brown
Carl,Bower
Gordon,Paterson
Edward,Hemmings
Joshua,Alsop
Eric,Nolan
Trevor,Lambert
Joseph,Hart
Stewart,Davies
Ryan,Edmunds
Carl,McGrath
Stephen,Martin
Eric,Paige
Jonathan,Brown
Colin,Butler
Dylan,Sharp
Sean,Dyer
John,Hudson
David,Duncan
Christopher,Cornish
Sebastian,Underwood
Owen,McGrath
Thomas,Lyman
Colin,Gibson
Gordon,McGrath
Joshua,Bond
Phil,Metcalfe
Jake,Taylor
Lucas,Glover
Warren,Powell
Sam,North
Benjamin,Kelly
Julian,Thomson
Joshua,Clarkson
Austin,Springer
Warren,Lyman
Dominic,Martin
Tim,Vance
Trevor,Glover
Michael,Blake
Frank,Paige
Robert,MacLeod
Joe,Carr
Phil,Payne
Luke,Baker
Joseph,Thomson
Austin,Bell
Frank,Glover
Anthony,Taylor
Sean,Gibson
Sebastian,Cornish
Eric,Avery
Connor,Scott
Andrew,Ince
Adrian,Fraser
Gavin,Terry
Alexander,Hodges
Frank,Ball
Dylan,Edmunds
Evan,Bell
Connor,Langdon
Evan,MacLeod
Joshua,Nash
Piers,Martin
Simon,Vance
Lucas,Bower
Cameron,Chapman
John,McLean
Sean,Vaughan
Edward,Miller
Michael,Campbell
Tim,Campbell
Isaac,Mills
Gavin,Skinner
Brandon,Ball
Piers,Mathis
Keith,Hughes
David,Cornish
Oliver,Arnold
Isaac,Short
Owen,Paterson
Jack,Young
Brandon,Gray
Gordon,Glover
Blake,Forsyth
Nathan,Carr
Victor,Young
Colin,Randall
Stewart,Manning
Eric,MacLeod
Nathan,Graham
Jake,Duncan
Gordon,Mathis
Thomas,Clarkson
Nicholas,Graham
Jake,Mills
Dan,Newman
Austin,May
Jake,Henderson
Phil,Davies
David,Poole
Stewart,Carr
Victor,Morgan
Alexander,Roberts
Keith,Langdon
Leonard,Hodges
Max,Forsyth
Jake,Watson
Dominic,Bond
Phil,Avery
Carl,Ogden
Dylan,Sanderson
David,Underwood
Lucas,Churchill
Andrew,Wilkins
Andrew,Bower
James,Campbell
Eric,MacDonald
Phil,Ellison
Phil,Young
Victor,Duncan
Sam,Ellison
Christian,White
Julian,Gray
Leonard,Hunter
Jonathan,Kelly
Christopher,Powell
Adam,Welch
Gordon,Carr
James,Martin
Benjamin,McLean
Thomas,McDonald
William,Quinn
Cameron,Thomson
Boris,McGrath
Luke,Sharp
Isaac,Peters
Tim,Ellison
Adam,Hemmings
Jonathan,Buckland
Christopher,Hart
Jack,Cornish
Ian,Lyman
Julian,Walker
Alan,Randall
Jack,Carr
Robert,Kerr
Austin,McGrath
Kevin,Smith
Brian,Kerr
Thomas,Turner
Isaac,Bond
Nathan,Roberts
Benjamin,Bailey
Max,Bond
Dylan,Peake
Paul,Murray
Charles,Murray
Jonathan,Davies
Brian,Dowd
Alexander,Howard
Warren,Newman
Dominic,Ross
Gordon,Roberts
Sean,Lyman
Victor,Coleman
Jonathan,MacLeod
Sebastian,Fisher
Joseph,Piper
Cameron,Powell
Jason,Sanderson
Steven,Hudson
Evan,Reid
Charles,Walker
Liam,Hart
Keith,Greene
Adrian,Tucker
Nicholas,Ball
Austin,Mathis
Dominic,Berry
Dylan,Hunter
Adrian,Mackenzie
Dan,Churchill
Connor,Berry
Dylan,Alsop
Jack,Hill
Carl,North
Andrew,Newman
Brandon,Metcalfe
Sean,Robertson
Boris,Rees
Benjamin,Lambert
Gavin,Hunter
Edward,Morrison
Andrew,Abraham
Benjamin,Campbell
Cameron,Churchill
Liam,Ogden
James,Morgan
Max,Berry
Edward,Rees
Jonathan,Sutherland
Christopher,Piper
Jake,Bell
Justin,Murray
Jonathan,Berry
Benjamin,Lyman
Adrian,Dowd
Nicholas,Greene
Lucas,Hunter
James,Harris
Dominic,Ball
Peter,Parr
Paul,Hunter
Alexander,Campbell
Carl,Roberts
Harry,Gray
Kevin,Simpson
David,Paterson
James,Black
Justin,Martin
Dominic,Stewart
Cameron,Randall
Leonard,Newman
Luke,Ellison
Dan,Paterson
Andrew,Berry
Leonard,Springer
Jacob,Payne
Anthony,Gibson
Dan,Hudson
Tim,Kerr
Jason,Underwood
Edward,Mitchell
Gavin,Graham
Anthony,Glover
William,Chapman
Colin,Burgess
Steven,Blake
Stephen,Mackenzie
Warren,Ross
Jake,Wilkins
Kevin,Oliver
Cameron,Ross
Joseph,Greene
Joshua,Marshall
Harry,Ogden
Michael,Mitchell
Phil,Jackson
Piers,Peake
Anthony,Bell
Piers,Grant
Brian,Vance
Christopher,Hardacre
Isaac,Langdon
Evan,Burgess
Andrew,Terry
Keith,Newman
Liam,Welch
Carl,Turner
Matt,Bond
Sean,Oliver
Sam,Payne
Dan,Mills
Joseph,Dickens
Owen,Davidson
Sean,Burgess
Sebastian,Dowd
Frank,Hudson
Sam,Davidson
Gordon,Watson
Peter,Avery
Leonard,Black
Charles,Short
Leonard,North
Sebastian,Vaughan
Owen,Wright
Paul,Gibson
Frank,Rees
Edward,Young
Alan,Davidson
Tim,Cameron
Austin,North
Robert,Lewis
Edward,Piper
Frank,Vance
Neil,Turner
Nathan,Wilkins
Jake,Nolan
Blake,Chapman
Jason,Peake
John,Roberts
Blake,Berry
Piers,Russell
Simon,Hodges
Stephen,Slater
Christian,Marshall
Keith,Morrison
Nathan,Scott
Peter,Hunter
James,Wallace
Benjamin,Tucker
Peter,Morgan
Matt,Hunter
Thomas,Burgess
Trevor,Walsh
John,Jones
Eric,Bond
Julian,Forsyth
Connor,Metcalfe
Ian,Morrison
Dan,Mackay
John,Knox
Stewart,Murray
Joshua,Nolan
Blake,Turner
Sam,Cornish
Dominic,Harris
Warren,Short
Evan,Hardacre
Nicholas,Simpson
Evan,Bower
Benjamin,Chapman
Frank,Edmunds
Dylan,Chapman
Julian,Gibson
Owen,Rutherford
Eric,Arnold
Christian,Morrison
Jack,Davidson
Dan,Short
Julian,Butler
Simon,Tucker
Boris,Watson
Gavin,Clarkson
Dan,Walker
Ian,Simpson
Andrew,Walsh
Justin,Chapman
Boris,Jackson
Sebastian,Taylor
Eric,Graham
Neil,Wright
Phil,MacDonald
Victor,Nash
Charles,Ince
Jason,Graham
Edward,Parr
Jonathan,Hamilton
Nathan,Johnston
Sean,McDonald
Paul,Kelly
Ryan,Hemmings
Adrian,Rutherford
Nicholas,Parsons
Lucas,Rees
Gordon,Piper
Anthony,Pullman
Charles,Jones
Evan,Paterson
Brandon,Mills
Warren,Paterson
David,Wilson
Richard,Quinn
Colin,Russell
Joshua,Taylor
David,Ince
Simon,Lawrence
Edward,Fisher
Peter,Scott
Frank,Cameron
Sebastian,Walsh
Blake,May
Harry,Rampling
Trevor,MacLeod
Victor,Jones
Edward,Dowd
Jack,Grant
Andrew,Welch
Edward,Edmunds
Carl,Lewis
Gavin,Bond
Luke,Piper
Anthony,Lee
Richard,Campbell
Christopher,Underwood
Stephen,Nash
Gavin,Greene
Owen,Lyman
Richard,Paige
Sebastian,Simpson
Peter,Anderson
Neil,Butler
Nicholas,North
Blake,Allan
Alan,Marshall
Brandon,Ince
Steven,Bailey
Austin,Scott
Jake,Underwood
Nathan,Walker
Boris,Kelly
Oliver,King
Harry,Terry
Neil,Burgess
John,Gill
Steven,Buckland
Piers,Glover
Nicholas,Mills
Thomas,King
Warren,Manning
Nathan,Morgan
Victor,Robertson
Neil,Paige
Connor,Kelly
Nathan,Lewis
Tim,Hill
Sean,Brown
Ian,Black
Joe,Davidson
Phil,Robertson
Sam,Reid
Carl,Powell
Evan,Cameron
Sam,Rees
Sebastian,Blake
Nicholas,Coleman
Charles,Roberts
Joseph,Hodges
Boris,Duncan
Benjamin,Blake
Charles,Hamilton
Tim,Clark
Thomas,Butler
Joseph,North
Kevin,Manning
Neil,Hemmings
Max,Lambert
Matt,Russell
Dylan,Wilkins
Frank,Morrison
Steven,Peters
Frank,Mathis
Brian,Mathis
Phil,Short
Thomas,Murray
Michael,Piper
Stephen,Lyman
Ian,Hodges
Adrian,Mitchell
James,Stewart
Julian,Wilkins
Jonathan,Morrison
Anthony,Cornish
Luke,Slater
Victor,Marshall
Simon,Lyman
Alexander,Martin
Thomas,Fisher
Gordon,Morrison
Connor,Vance
Joe,Abraham
Colin,Welch
Paul,Arnold
Piers,Hart
Adrian,MacLeod
Benjamin,Mitchell
Jason,Mackenzie
Luke,Davies
Sam,Davies
Gordon,Berry
Nicholas,Churchill
Gordon,Lawrence
Colin,Roberts
Joseph,Baker
Trevor,White
Julian,Chapman
Alan,Campbell
David,Knox
Justin,Hart
Brandon,Quinn
Adam,Young
Cameron,Mathis
Blake,Rampling
Dan,Johnston
Gavin,Nash
Dominic,Fisher
Sam,Dowd
Owen,Greene
Lucas,Blake
Neil,Arnold
Sebastian,Vance
Evan,Hill
Austin,Sharp
Joe,Dyer
Simon,Hardacre
Nathan,Dowd
Isaac,Lee
Trevor,Underwood
Boris,Paige
James,Dyer
Simon,Bell
Peter,MacLeod
Gordon,Davidson
Paul,Oliver
David,Gibson
Tim,Short
Blake,Terry
Sebastian,Knox
Edward,Anderson
Nathan,James
Trevor,Poole
Colin,Howard
Blake,Bower
Colin,Henderson
Alan,Lewis
Sean,Metcalfe
Stewart,Vaughan
John,MacLeod
Peter,Stewart
Owen,Fisher
Jonathan,Bond
Matt,Alsop
Jacob,Wallace
Edward,Berry
Peter,Ross
Joseph,Quinn
Lucas,Parsons
Thomas,Randall
Boris,Hodges
Carl,Simpson
Phil,Kerr
James,MacLeod
Boris,Sharp
Frank,Dyer
Matt,Langdon
Sebastian,Glover
Warren,Blake
Richard,Hunter
Ryan,Rampling
Julian,Manning
Paul,Hodges
Carl,Rees
Blake,Pullman
Steven,Langdon
Jonathan,Gill
Joe,Lewis
Carl,Skinner
Richard,Nolan
Robert,Rutherford
Richard,Hudson
Liam,Howard
Luke,Rees
James,Cornish
Alan,North
Joe,Cameron
Sebastian,Kelly
Ian,Howard
Richard,Welch
Paul,Short
Thomas,Bailey
Adrian,Dickens
Christopher,Grant
Jason,Jackson
Adrian,Arnold
Justin,Duncan
Benjamin,Jones
Liam,Lawrence
Stephen,Brown
Dylan,Taylor
Charles,McLean
Jacob,Buckland
Andrew,Underwood
Adrian,Bower
Stephen,Reid
Jake,North
Stephen,Mackay
Alexander,Forsyth
Matt,Peake
Ryan,Davidson
Justin,Rutherford
Joseph,Cornish
Victor,Buckland
Brian,Coleman
Dominic,Ogden
Victor,Mathis
Tim,Russell
Robert,Ross
Matt,Ross
Boris,Terry
Brian,Glover
David,Oliver
Ian,Rampling
Jack,Greene
Peter,Carr
Matt,Reid
Christian,Wallace
Austin,Fisher
Liam,Fraser
Joe,Brown
John,Hunter
Adam,Thomson
Sean,Jones
Christian,Payne
Edward,Forsyth
John,Ross
Nicholas,Berry
Nicholas,Henderson
Piers,Vaughan
Sam,Jones
Ian,Morgan
Jason,Bailey
Alan,Robertson
Tim,Terry
Benjamin,Morrison
Anthony,Hamilton
Justin,Dickens
Colin,Lee
Brandon,Bond
Joseph,Gibson
Neil,Johnston
Steven,James
Jake,Davies
Benjamin,Bell
Christian,MacDonald
Jack,Blake
Max,Ogden
Christopher,Cameron
Michael,Paige
Neil,Ferguson
Nicholas,White
Ryan,Mathis
Steven,Russell
Isaac,Davidson
Eric,Poole
Julian,Miller
Jacob,Marshall
Dan,Skinner
Thomas,Gibson
Evan,Lambert
Oliver,McGrath
Joseph,Gill
Charles,Ellison
Thomas,Poole
Nicholas,Bond
Leonard,Davies
Jacob,Abraham
James,Slater
Dominic,Graham
Jack,Lambert
Christopher,Dyer
Ryan,Peake
Peter,Tucker
Adrian,May
Phil,Greene
James,Oliver
Adam,Bower
Kevin,Walsh
Trevor,Watson
Benjamin,Scott
Andrew,Hughes
Piers,Miller
Christopher,Manning
Harry,Newman
Jake,Sanderson
Paul,Vaughan
Edward,Churchill
James,Tucker
John,Kelly
Joseph,Langdon
Piers,Clark
Jacob,Johnston
Brian,Knox
Harry,Wallace
Austin,Ellison
Harry,Payne
Edward,Springer
Stephen,Wilkins
Colin,Lawrence
Jake,Young
Phil,Howard
Joshua,Cornish
Victor,Jackson
Nathan,Tucker
Leonard,Gill
Michael,MacDonald
Christopher,Ferguson
Blake,Howard
Austin,Wilkins
Adam,Russell
Robert,Baker
John,Wright
David,Morrison
Sebastian,Langdon
Max,Hodges
Ryan,Miller
Adam,Quinn
Alan,James
Nicholas,Howard
Christopher,McLean
Jonathan,Hudson
Edward,Jackson
Paul,Metcalfe
Nathan,Henderson
Stewart,Cameron
Boris,Skinner
Evan,Fraser
Jack,Hunter
Piers,Parsons
Warren,Ellison
Adam,Edmunds
Isaac,Duncan
David,Bond
Austin,Gibson
Joe,Cornish
Max,Stewart
Connor,Mackay
Austin,Kelly
Dan,Berry
Luke,Martin
Eric,Burgess
Ryan,Walker
Stewart,Mills
Isaac,Hardacre
Brian,Tucker
Alan,Johnston
Michael,Miller
Evan,Gibson
Simon,Gray
Charles,Sutherland
Charles,Allan
Christopher,Walsh
Peter,James
Julian,Bell
Isaac,Payne
Robert,Walker
Luke,King
Jonathan,Alsop
Brian,Taylor
Gavin,Hamilton
Ian,Gill
Christian,Mackenzie
Joshua,Payne
Victor,Dyer
Jonathan,Turner
Trevor,Nash
Joseph,Nolan
Edward,Gibson
Justin,Wright
Richard,Clarkson
Ian,Cameron
Stewart,Brown
Max,Grant
William,Edmunds
David,Watson
Sam,Terry
Alexander,Gibson
Jake,Paige
Leonard,Sanderson
Alan,Ross
John,Lee
Tim,Lyman
Simon,Cameron
Jack,Turner
Warren,Robertson
Trevor,Piper
Max,McGrath
Sam,Randall
Anthony,Dyer
Stephen,Parr
Gordon,Russell
Edward,Avery
Matt,Hemmings
Justin,Morgan
Benjamin,Vaughan
Phil,Watson
Eric,Robertson
Charles,Fraser
Trevor,Ball
Victor,Johnston
Justin,Powell
Evan,Bond
Justin,Hemmings
Matt,Quinn
Edward,Roberts
Joe,Peters
Keith,Henderson
Leonard,Churchill
Stephen,Skinner
Frank,Bower
Alexander,Fisher
Dominic,Randall
Richard,Vance
Benjamin,Henderson
William,Stewart
Paul,Allan
Robert,Welch
Sebastian,May
Carl,Arnold
Warren,Avery
Simon,Grant
Blake,Parr
Dylan,Black
Charles,James
John,Burgess
Justin,Bower
Steven,Baker
Luke,Mackenzie
Charles,Blake
Alexander,Poole
Ian,Wilson
Piers,Paige
Evan,Ferguson
Sam,Watson
Colin,McDonald
Sean,Wilson
Liam,Manning
Charles,Dyer
James,Miller
Christian,Simpson
Justin,Forsyth
Paul,Langdon
Christian,Martin
Tim,Henderson
Adam,Oliver
Cameron,Nolan
Brian,Allan
Gordon,Wallace
Matt,Hart
Joseph,Dowd
Jason,Reid
Jason,Russell
Sean,Paige
Gordon,Mitchell
James,Forsyth
Eric,Underwood
Max,Alsop
Jacob,Cameron
Dan,Morrison
Frank,Lee
Ian,Gibson
Dylan,Wilson
Tim,Grant
Joshua,Oliver
Thomas,White
Adrian,White
Gavin,Mathis
Colin,Mackenzie
Brandon,Ogden
Eric,Anderson
John,Skinner
Evan,Ince
Stephen,Powell
Austin,King
Victor,Walsh
Owen,Gill
Benjamin,Sharp
Andrew,Thomson
Piers,Morgan
Benjamin,Terry
Evan,Oliver
Alan,Lawrence
Anthony,Skinner
Justin,Rampling
Ryan,Pullman
Adrian,James
Peter,Gibson
Sebastian,Ferguson
Warren,Allan
Max,Lewis
Dan,Greene
Sebastian,Jones
Connor,Taylor
Christian,Mills
Anthony,Nash
Dominic,Duncan
Alan,Peters
Justin,Vaughan
Michael,Terry
Isaac,Peake
William,Brown
Joshua,Berry
Adam,Graham
Lucas,Metcalfe
Joe,Lambert
Christopher,Lee
Trevor,Arnold
Sebastian,Peake
Joseph,Alsop
Sean,Skinner
Cameron,May
Steven,Jackson
Nicholas,Kelly
William,King
Brandon,Roberts
Julian,Bower
Sebastian,Stewart
Benjamin,Buckland
Blake,Walsh
Isaac,Hemmings
Stephen,Bower
Harry,May
Trevor,Oliver
Julian,Graham
Jonathan,Cornish
David,McLean
Cameron,Poole
Alexander,Coleman
Adam,Taylor
Warren,Sutherland
Piers,Duncan
Andrew,Hunter
Lucas,Harris
Ian,Newman
Adam,Lyman
Anthony,Churchill
Nathan,Terry
Julian,Reid
Anthony,Sharp
Alan,Hamilton
Sam,Clarkson
Frank,Scott
Sebastian,Black
Sebastian,Pullman
Evan,Vaughan
Sean,Mills
Benjamin,Manning
Thomas,Ross
Jake,McLean
Sean,Parr
Robert,Hardacre
Anthony,Morrison
Frank,Terry
Sean,Allan
John,Thomson
Christian,Forsyth
Warren,Skinner
Jacob,Anderson
Gavin,Scott
Nathan,Jackson
Keith,Davies
Oliver,Watson
Cameron,Ferguson
Alexander,Dyer
Leonard,Ferguson
Frank,Tucker
Robert,Nolan
Sean,Cornish
Stephen,McLean
Liam,Randall
Liam,Watson
Harry,Fraser
Harry,Knox
Adrian,Lawrence
Victor,Nolan
John,May
Joe,Kerr
Jason,Thomson
Christopher,Stewart
Lucas,Sanderson
Gordon,Young
Dylan,Abraham
Paul,Greene
Jason,Dowd
Dominic,Vaughan
Neil,Rampling
Gordon,Walsh
Benjamin,Forsyth
David,Ellison
Jason,McDonald
Nicholas,Lawrence
Colin,Wilkins
William,Mackenzie
Jonathan,Dowd
Charles,Vance
Matt,Mitchell
Nathan,Skinner
Nicholas,May
Thomas,Berry
John,Forsyth
John,Henderson
Keith,Morgan
Dominic,Wright
Oliver,Knox
Andrew,Oliver
Luke,Mitchell
Stewart,Jackson
Adrian,McLean
Anthony,Parr
Evan,Lyman
Boris,Randall
Warren,Parsons
Neil,Hughes
Matt,Taylor
Dylan,Walker
Dominic,Rampling
Matt,Nolan
Steven,Lawrence
Robert,Martin
Lucas,North
Brian,Wallace
Adrian,Skinner
Robert,Edmunds
Carl,Black
Jack,Short
Kevin,James
Paul,Coleman
Boris,Nolan
Stephen,Hughes
Lucas,Dyer
Sean,Hemmings
Evan,Avery
Harry,Bond
Julian,Jackson
Brandon,Oliver
Phil,Wallace
Thomas,Pullman
Warren,Rees
Dominic,James
Eric,Turner
Benjamin,Greene
Warren,Bond
Sam,Thomson
Matt,Ball
Jacob,Jones
Alexander,Wilkins
Lucas,Ince
John,Hart
Victor,Hill
Joseph,Walsh
Trevor,Sharp
Piers,Ellison
Justin,Nash
Trevor,Paterson
Edward,Russell
Benjamin,Underwood
Brandon,Sutherland
Jacob,Mills
Brian,Lawrence
Brandon,Hardacre
Harry,Underwood
Nicholas,Fraser
James,Ferguson
Kevin,Bailey
Lucas,Lee
Charles,Hart
Trevor,Graham
Paul,Butler
Joshua,Skinner
Kevin,Langdon
Colin,Powell
Simon,Miller
Jake,Graham
Stewart,McDonald
Benjamin,Hamilton
Kevin,Ross
Ryan,Robertson
William,Mackay
Harry,Cameron
Gavin,Hardacre
Brian,Short
Ryan,Nash
Cameron,Lewis
Richard,Tucker
Austin,Roberts
Stephen,Knox
Ian,Mills
Jason,Jones
Brandon,North
Colin,Poole
Jack,Paige
Owen,Bond
Alan,MacDonald
Ryan,Davies
Sebastian,Gill
Adrian,Langdon
Isaac,Carr
Charles,Rees
Simon,Morrison
Neil,Smith
Benjamin,Davidson
Justin,White
Stewart,Greene
Alan,Cornish
Dan,Rampling
Joshua,Lee
Edward,Hudson
Matt,Rees
Carl,Kerr
Sam,Gray
Kevin,Morrison
Eric,Lewis
Stewart,Hunter
Brandon,Poole
Joe,Morgan
Matt,Oliver
Adrian,Gill
James,Peters
Liam,Langdon
Tim,Reid
Boris,Marshall
Trevor,Lee
Lucas,Ball
James,Alsop
Sam,Lawrence
Piers,Clarkson
Trevor,Hart
Boris,Young
Carl,Coleman
Alan,Ince
David,Hart
Boris,Murray
Frank,Bell
Thomas,Underwood
Sam,Rutherford
Anthony,Mackenzie
Robert,Scott
Kevin,Slater
Jack,Wilkins
Matt,Watson
Owen,Stewart
Isaac,Edmunds
Nicholas,Butler
Boris,Henderson
Liam,Lyman
Sebastian,Avery
Ryan,Rees
Boris,Martin
Piers,Walker
Victor,Mackay
Nathan,Hudson
Stephen,Howard
Eric,Fraser
Leonard,Smith
Nathan,Arnold
Piers,White
Connor,Jackson
Jack,Payne
Victor,Bond
Sean,Alsop
Joseph,Wright
Tim,Walker
Harry,Marshall
Connor,Parr
Stewart,Hudson
Thomas,Campbell
Cameron,Hemmings
Sebastian,Carr
Joshua,Underwood
Cameron,Bond
Edward,Vaughan
Brian,Rampling
David,Walker
John,Dowd
Joe,Lee
Charles,Hardacre
Adam,Hamilton
Ian,Wilkins
Carl,Buckland
James,Davies
Joe,Sutherland
Max,Bower
Alan,Watson
Justin,Black
Isaac,Underwood
Brandon,Lambert
Adrian,Harris
Boris,Fisher
Edward,Mackenzie
Boris,Davies
Dominic,Dowd
Sebastian,Hardacre
Stephen,Taylor
Matt,Sanderson
Owen,Buckland
Christian,Abraham
Steven,Paterson
Oliver,Ellison
Luke,Lambert
Jason,Ellison
Harry,Forsyth
Phil,Reid
Anthony,Thomson
Joshua,Carr
Evan,Forsyth
Sean,Miller
Ryan,McLean
William,Roberts
Charles,Knox
Sean,Hamilton
Joe,North
Christian,Arnold
Charles,Hughes
Trevor,Hudson
Sean,Thomson
Warren,Davidson
Dominic,Taylor
Frank,Bailey
Jake,Howard
Stewart,Turner
Peter,Harris
Boris,Morgan
William,Hudson
Nathan,Campbell
Connor,Gibson
Christian,Terry
Jason,Parsons
Charles,Bond
Oliver,Davidson
Oliver,Chapman
Dominic,Paige
Nathan,Taylor
Keith,Mathis
Julian,Lambert
Jason,Miller
Carl,Anderson
Justin,Allan
Brandon,Clarkson
Tim,Hardacre
Carl,Clarkson
Benjamin,Fraser
Nicholas,Parr
Carl,Henderson
Blake,Grant
Eric,Hudson
Paul,Pullman
Ryan,Wright
Jacob,Hughes
Carl,Graham
Lucas,Lawrence
Jacob,Robertson
Lucas,Greene
Jake,Lewis
Dylan,Bailey
Piers,Campbell
Christopher,James
Dylan,Martin
Trevor,Carr
Harry,Cornish
Benjamin,Clarkson
Isaac,Chapman
Liam,Mills
Trevor,Mackay
Edward,Hodges
Julian,White
Alexander,Wright
Jonathan,Walsh
Julian,Parr
Thomas,Young
Alan,Alsop
Boris,Gibson
Edward,Wilson
Brian,Hart
Peter,Dickens
Warren,Abraham
Stephen,Murray
Adrian,Paige
Sam,Morgan
Jacob,Hunter
Max,Tucker
Isaac,Bailey
Ryan,Langdon
Sam,Forsyth
Boris,Butler
Harry,Reid
Peter,Mills
Liam,White
Robert,Morrison
Luke,Roberts
Keith,Metcalfe
Robert,Arnold
Keith,Nolan
Piers,Quinn
Anthony,Newman
William,Wright
Steven,Ince
John,Hodges
Evan,Gill
Christopher,Churchill
Brian,Buckland
Brian,Welch
Cameron,Ince
Victor,MacLeod
Owen,Russell
Michael,Rampling
Paul,Robertson
Neil,Brown
Nathan,Murray
Brian,Clarkson
Anthony,Miller
Eric,King
Anthony,Hughes
Jacob,Taylor
Keith,Avery
Jason,Burgess
William,Burgess
Thomas,Churchill
Alexander,Ince
Colin,Newman
Jason,Langdon
Andrew,Simpson
Jacob,Clarkson
Ian,Bell
Brandon,Peters
Colin,Hart
Paul,Duncan
Edward,Gill
Benjamin,Miller
Anthony,Clark
Stephen,Clark
Lucas,Jones
Phil,May
Stephen,Avery
Christopher,Black
Alan,Terry
Dominic,Lyman
Piers,Churchill
Carl,Fraser
Joe,Bell
Lucas,Pullman
Justin,MacLeod
Christian,Watson
Justin,Hudson
Blake,MacLeod
Carl,Vaughan
Charles,Hill
Liam,MacDonald
Gavin,Slater
Warren,Jackson
Stephen,Rampling
Austin,Glover
Victor,Knox
William,Piper
Ryan,Hamilton
Ian,Bond
Max,Hart
Nathan,Hill
Christopher,Coleman
Sean,Piper
Nathan,Duncan
Evan,Sanderson
Joe,Randall
Christopher,Anderson
Harry,Vance
John,Underwood
Christopher,Hunter
Max,Howard
Jacob,Sutherland
Keith,Ross
Jonathan,Springer
Michael,Peters
Neil,Duncan
Victor,McLean
Nicholas,Wilson
Blake,Underwood
William,Gibson
Adrian,Sutherland
Liam,Harris
Ryan,Springer
Christian,Thomson
Victor,Lewis
Dominic,Poole
Justin,Sanderson
Nicholas,Langdon
Blake,Robertson
Jonathan,Poole
Evan,Vance
Sam,Hudson
Evan,Grant
Dominic,Coleman
William,Pullman
Gavin,Martin
Liam,Edmunds
Dylan,Parsons
Paul,Paterson
William,Taylor
Jason,Taylor
Isaac,Buckland
Luke,Morrison
Thomas,Short
Connor,Bower
Dylan,Slater
Andrew,Harris
Kevin,Martin
Michael,Underwood
Connor,Wilkins
Tim,Buckland
Alexander,Scott
Lucas,Abraham
Warren,Arnold
Adrian,Quinn
Luke,Davidson
Gavin,Anderson
Benjamin,Graham
Jack,McGrath
Brian,Ellison
Warren,Bailey
Christopher,Arnold
Boris,Ross
John,Nolan
Blake,Vance
Peter,Short
Max,Ross
Dylan,MacDonald
Evan,Baker
Warren,Wright
Edward,Poole
Dominic,Henderson
Neil,Underwood
Jonathan,Johnston
Austin,Dyer
Dylan,Metcalfe
Gavin,Stewart
Sebastian,McLean
John,Graham
Sean,Ince
Leonard,Gibson
Andrew,Short
Sebastian,Payne
Charles,Gill
Carl,Ferguson
Sebastian,Rampling
Matt,Davidson
Cameron,Mackay
Trevor,Allan
Brian,Powell
Blake,Miller
Peter,Cameron
Warren,Rutherford
Thomas,Lambert
Steven,White
Cameron,McLean
Neil,Stewart
Robert,White
Austin,MacLeod
Trevor,Blake
Anthony,Smith
Julian,Howard
Anthony,Allan
Alexander,Walker
Neil,Gray
Blake,Davies
Gavin,Rutherford
Dominic,Bell
Carl,Gray
Jack,Skinner
Liam,King
Oliver,Glover
Lucas,Ellison
Austin,Jones
Luke,Berry
Jack,Ball
Evan,Parr
Gavin,Pullman
Benjamin,Coleman
Leonard,White
Charles,Wallace
Joe,Roberts
Benjamin,Parr
Leonard,Gibson
Andrew,Short
Sebastian,Payne
Charles,Gill
Carl,Ferguson
Sebastian,Rampling
Matt,Davidson
Cameron,Mackay
Trevor,Allan
Brian,Powell
Blake,Miller
Peter,Cameron
Warren,Rutherford
Thomas,Lambert
Steven,White
Cameron,McLean
Neil,Stewart
Robert,White
Austin,MacLeod
Trevor,Blake
Anthony,Smith
Julian,Howard
Anthony,Allan
Alexander,Walker
Neil,Gray
Blake,Davies
Gavin,Rutherford
Dominic,Bell
Carl,Gray
Jack,Skinner
Liam,King
Oliver,Glover
Lucas,Ellison
Austin,Jones
Luke,Berry
Leonard,Gibson
Andrew,Short
Sebastian,Payne
Charles,Gill
Carl,Ferguson
Sebastian,Rampling
Matt,Davidson
Cameron,Mackay
Trevor,Allan
Brian,Powell
Blake,Miller
Peter,Cameron
Warren,Rutherford
Thomas,Lambert
Steven,White
Cameron,McLean
Neil,Stewart
Robert,White
Austin,MacLeod
Trevor,Blake
Anthony,Smith
Julian,Howard
Anthony,Allan
Alexander,Walker
Neil,Gray
Blake,Davies
Gavin,Rutherford
Dominic,Bell
Carl,Gray
Jack,Skinner
Liam,King
Oliver,Glover
Lucas,Ellison
Austin,Jones
Luke,Berry
Justin,Hodges
Austin,Wright
Richard,Hill
Blake,Sharp
Gordon,Walker
Blake,Marshall
Joe,Robertson
Anthony,Hunter
Justin,Mathis
Victor,Hemmings
Christian,Ross
Boris,McDonald
Neil,Cornish
Luke,Gill
Liam,Wright
Cameron,Stewart
Max,Poole
William,Cornish
Thomas,Cameron
Dan,Burgess
Cameron,James
Jake,Kerr
Joe,Murray
Charles,Taylor
Connor,Johnston
Dylan,Knox
Brian,Young
Tim,Allan
Owen,Graham
Edward,Burgess
Stephen,Kelly
Christian,Bond
Sean,Lambert
Christopher,Hill
David,Fisher
Sebastian,Abraham
Lucas,Rampling
Christopher,Murray
Stephen,Jackson
Joshua,Hughes
Ian,Taylor
Jack,Hodges
Trevor,Abraham
Warren,Cameron
Eric,Welch
Jack,May
Owen,Robertson
Oliver,Tucker
Stewart,Young
Peter,Clarkson
Blake,Murray
Jason,North
Joshua,Hill
Jake,Pullman
William,Bailey
Lucas,Baker
Richard,Hart
Ian,Quinn
Stephen,Piper
Piers,Black
Connor,Morrison
Adrian,Ferguson
Jack,Walker
Dominic,Lambert
Luke,Powell
Michael,Glover
Oliver,Carr
Liam,Davidson
Matt,North
Cameron,Jones
Anthony,Kerr
William,Avery
David,Dickens
Dan,Ferguson
David,Arnold
Simon,Alsop
David,Newman
Brandon,Slater
Christopher,Russell
Gordon,Underwood
Phil,Berry
Warren,Hemmings
Isaac,Pullman
Piers,Sanderson
Phil,Allan
Jacob,Hill
Isaac,Lyman
Charles,MacDonald
Julian,Sutherland
Adrian,Marshall
Evan,Stewart
Piers,Bond
Charles,King
Piers,Anderson
Isaac,Gill
Joshua,Kelly
Brandon,Johnston
Oliver,Alsop
Jacob,Graham
Justin,Nolan
Nathan,Stewart
Connor,Cornish
Dominic,Butler
Oliver,Mitchell
Jacob,Randall
Oliver,Fisher
Harry,Butler
Andrew,Lawrence
Phil,King
Adrian,Jones
Dylan,Gill
Eric,Churchill
John,Davidson
Stewart,Walsh
Austin,Powell
James,Smith
Cameron,Murray
Matt,McLean
Victor,Edmunds
Brandon,Lyman
Neil,Fraser
Jack,Bell
Neil,Peters
Christian,Gray
Ryan,Baker
Sebastian,Peters
Boris,Piper
Connor,Forsyth
Luke,Robertson
Leonard,Rutherford
Luke,Wallace
William,Mitchell
William,Paige
Michael,Clark
Peter,Poole
Tim,Hart
Brandon,Russell
Justin,Manning
Peter,Rampling
Boris,Ogden
Frank,MacLeod
Charles,Lewis
Ryan,Taylor
Eric,Morgan
Richard,Edmunds
Harry,Skinner
Nicholas,Arnold
Tim,Jones
Gordon,Murray
Tim,MacDonald